arquivo;texto;local
ui_quem_joga.mp3;Quem vai jogar hoje?;Tela de perfis
ui_monte_personagem.mp3;Monte um personagem parecido com você!;Criador de personagem
ui_escreva_nome.mp3;Escreva seu nome com as letrinhas.;Teclado do nome
ui_nome_bonito.mp3;Oi! Que nome bonito!;Depois de confirmar o nome
ui_primeiro_nome.mp3;Primeiro escreva seu nome!;Criador, ao salvar sem nome
ui_item_guardado.mp3;Esse ainda está guardado. Junte estrelas e broches!;Criador, acessório bloqueado
ui_perfis_cheios.mp3;Já tem quatro personagens aqui. Peça para um adulto apagar um.;Tela de perfis cheia
mapa_termine_mundo.mp3;Termine um mundo inteiro para abrir um jogo novo!;Mapa, botão Jogar sem mini game
mapa_limite.mp3;As partidas de hoje acabaram. Vamos desenhar ou brincar lá fora?;Mapa, limite diário
mapa_sem_fichas.mp3;Suas fichas acabaram. Faça uma missão para ganhar mais!;Mapa, saldo zerado
missao_moeda.mp3;Você ganhou uma moeda! Ela virou três fichas!;Fim da missão
missao_mundo_completo.mp3;Mundo completo! Você ganhou um broche e cinco moedas, que viraram quinze fichas!;Fim do mundo
missao_sem_fichas.mp3;Suas fichas acabaram. Faça outra missão para ganhar mais!;Fim da missão, sem fichas
missao_limite.mp3;As partidas de hoje acabaram. Vamos brincar de outra coisa?;Fim da missão, limite diário
etapa_sopre.mp3;Sopre bem devagar, bem longo. Vamos de novo!;Etapa de respirar
mg1_escolha_pista.mp3;Escolha a pista da corrida!;Corrida de kart, escolha da pista
mg1_como_jogar.mp3;Pegue as moedas e desvie dos cones. Pode tocar na tela ou inclinar o celular!;Corrida de kart, começo
mg1_devagar.mp3;Opa! Devagar nessa curva!;Corrida de kart, ao bater
mg1_fim.mp3;Boa! Olha quantas moedinhas você juntou!;Corrida de kart, fim
tut_1.mp3;Este é o mapa. Cada mundo é uma hora do seu dia.;Tutorial, passo 1
tut_2.mp3;Toque numa missão para começar. A raposinha vai te ajudar!;Tutorial, passo 2
tut_3.mp3;Fazendo com capricho você ganha estrelas.;Tutorial, passo 3
tut_4.mp3;As moedas viram fichas, e com as fichas você joga!;Tutorial, passo 4
mg2_como_jogar.mp3;Toque no próximo degrau para subir. Se tiver pedra, toque de novo para pular!;Escalada, começo
mg2_pedra.mp3;Tem uma pedra no caminho. Toque de novo para pular!;Escalada, ao achar uma pedra
mg2_fim.mp3;Você chegou lá em cima! Que escalada!;Escalada, fim
letra_a.mp3;A;Teclado do nome
letra_b.mp3;B;Teclado do nome
letra_c.mp3;C;Teclado do nome
letra_d.mp3;D;Teclado do nome
letra_e.mp3;E;Teclado do nome
letra_f.mp3;F;Teclado do nome
letra_g.mp3;G;Teclado do nome
letra_h.mp3;H;Teclado do nome
letra_i.mp3;I;Teclado do nome
letra_j.mp3;J;Teclado do nome
letra_k.mp3;K;Teclado do nome
letra_l.mp3;L;Teclado do nome
letra_m.mp3;M;Teclado do nome
letra_n.mp3;N;Teclado do nome
letra_o.mp3;O;Teclado do nome
letra_p.mp3;P;Teclado do nome
letra_q.mp3;Q;Teclado do nome
letra_r.mp3;R;Teclado do nome
letra_s.mp3;S;Teclado do nome
letra_t.mp3;T;Teclado do nome
letra_u.mp3;U;Teclado do nome
letra_v.mp3;V;Teclado do nome
letra_w.mp3;W;Teclado do nome
letra_x.mp3;X;Teclado do nome
letra_y.mp3;Y;Teclado do nome
letra_z.mp3;Z;Teclado do nome
m01_intro.mp3;Bom dia, {nome}! Vamos acordar e cuidar de você?;Missao 01 - Acordar e se cuidar: abertura
m01_mostrar.mp3;Olha só: primeiro a escova, depois o rosto, depois o café!;Missao 01 - Acordar e se cuidar: o personagem mostra
m01_e1.mp3;Passe a escova nos dentes, {nome}. Vamos escovar com a música!;Missao 01 - Acordar e se cuidar: etapa 1 (segurar_com_timer)
m01_erro1.mp3;Solte só quando a música acabar. Vamos de novo!;Missao 01 - Acordar e se cuidar: etapa 1, quando erra
m01_e2.mp3;Agora lave o rosto. Esfregue com o dedinho!;Missao 01 - Acordar e se cuidar: etapa 2 (esfregar)
m01_e3.mp3;Monte o café: leve a fruta e o pão para o prato.;Missao 01 - Acordar e se cuidar: etapa 3 (arrastar_para_alvo)
m01_pnp.mp3;O que pode?;Missao 01 - Acordar e se cuidar: pode ou nao pode
m01_pnp_explica.mp3;A comida é para comer. E a escova deixa o dente forte!;Missao 01 - Acordar e se cuidar: explicacao do pode ou nao pode
m01_reforco.mp3;Dentes limpos, sorriso brilhando!;Missao 01 - Acordar e se cuidar: frase de reforco
m02_intro.mp3;{nome}, vamos deixar a sua cama bonita?;Missao 02 - Arrumar a cama: abertura
m02_mostrar.mp3;Primeiro o lençol, depois o cobertor, por último o travesseiro!;Missao 02 - Arrumar a cama: o personagem mostra
m02_e1.mp3;Leve o lençol, o cobertor e o travesseiro para a cama.;Missao 02 - Arrumar a cama: etapa 1 (arrastar_para_alvo)
m02_e2.mp3;Agora dê tapinhas no travesseiro para ele ficar fofinho!;Missao 02 - Arrumar a cama: etapa 2 (segurar_com_timer)
m02_erro2.mp3;Segure mais um pouquinho, {nome}!;Missao 02 - Arrumar a cama: etapa 2, quando erra
m02_pnp.mp3;O que pode?;Missao 02 - Arrumar a cama: pode ou nao pode
m02_pnp_explica.mp3;Pedir ajuda é de gente esperta! Juntos fica mais fácil.;Missao 02 - Arrumar a cama: explicacao do pode ou nao pode
m02_reforco.mp3;Cama arrumada, dia começou bem!;Missao 02 - Arrumar a cama: frase de reforco
m03_intro.mp3;Olha só, {nome}: germes nas suas mãos! Vamos espantar todos?;Missao 03 - Guerra aos germes: abertura
m03_mostrar.mp3;Água, sabão e muita esfregada. Os germes não gostam disso!;Missao 03 - Guerra aos germes: o personagem mostra
m03_e1.mp3;Esfregue as mãos até os germes sumirem!;Missao 03 - Guerra aos germes: etapa 1 (esfregar)
m03_e2.mp3;Toque nas horas de lavar a mão: antes de comer, depois do banheiro e depois de brincar com o pet.;Missao 03 - Guerra aos germes: etapa 2 (tocar)
m03_erro2.mp3;Essa não é hora de lavar a mão. Tente outra!;Missao 03 - Guerra aos germes: etapa 2, quando erra
m03_pnp.mp3;O que pode?;Missao 03 - Guerra aos germes: pode ou nao pode
m03_pnp_explica.mp3;A água e o sabão levam os germes embora pelo ralo!;Missao 03 - Guerra aos germes: explicacao do pode ou nao pode
m03_reforco.mp3;Mãos limpas, corpo saudável!;Missao 03 - Guerra aos germes: frase de reforco
m04_intro.mp3;{nome}, tem coisas na casa que só adulto pode mexer. Vamos achar?;Missao 04 - Casa segura: abertura
m04_mostrar.mp3;Toque só no que é perigoso. O resto pode deixar!;Missao 04 - Casa segura: o personagem mostra
m04_e1.mp3;Toque em tudo que é perigoso para criança.;Missao 04 - Casa segura: etapa 1 (tocar)
m04_erro1.mp3;Esse aí não é perigoso. Procure outro!;Missao 04 - Casa segura: etapa 1, quando erra
m04_e2.mp3;A campainha tocou e você não conhece quem está na porta. O que fazer?;Missao 04 - Casa segura: etapa 2 (escolher_entre_opcoes)
m04_erro2.mp3;Porta só adulto abre. Chame alguém!;Missao 04 - Casa segura: etapa 2, quando erra
m04_pnp.mp3;O que pode?;Missao 04 - Casa segura: pode ou nao pode
m04_pnp_explica.mp3;Achou perigo? Não mexe: chama um adulto na hora!;Missao 04 - Casa segura: explicacao do pode ou nao pode
m04_reforco.mp3;Perigo? Chame um adulto!;Missao 04 - Casa segura: frase de reforco
m05_intro.mp3;{nome}, a escola está esperando! Vamos arrumar a mochila?;Missao 05 - Ir para a escola: abertura
m05_mostrar.mp3;Caderno, lápis, lanche e garrafinha. Tudo dentro da mochila!;Missao 05 - Ir para a escola: o personagem mostra
m05_e1.mp3;Coloque tudo dentro da mochila.;Missao 05 - Ir para a escola: etapa 1 (arrastar_para_alvo)
m05_e2.mp3;Agora na ordem: vestir o uniforme, calçar o tênis e pegar a mochila.;Missao 05 - Ir para a escola: etapa 2 (sequencia_ordenada)
m05_erro2.mp3;Ainda não é esse. Olhe de novo!;Missao 05 - Ir para a escola: etapa 2, quando erra
m05_pnp.mp3;O que pode?;Missao 05 - Ir para a escola: pode ou nao pode
m05_pnp_explica.mp3;Avisar quem cuida de você deixa todo mundo tranquilo.;Missao 05 - Ir para a escola: explicacao do pode ou nao pode
m05_reforco.mp3;Mochila pronta, dia começou!;Missao 05 - Ir para a escola: frase de reforco
m06_intro.mp3;{nome}, a rua pede atenção. Vamos atravessar do jeito certo?;Missao 06 - Rua segura: abertura
m06_mostrar.mp3;Mão dada, esperar o vermelho, verde caminha, e sempre na faixa!;Missao 06 - Rua segura: o personagem mostra
m06_e1.mp3;Toque na ordem certa para atravessar.;Missao 06 - Rua segura: etapa 1 (sequencia_ordenada)
m06_erro1.mp3;Calma! Esse vem depois. Tente outro.;Missao 06 - Rua segura: etapa 1, quando erra
m06_e2.mp3;A bola foi parar na rua. O que fazer?;Missao 06 - Rua segura: etapa 2 (escolher_entre_opcoes)
m06_erro2.mp3;Rua não é lugar de correr. Chame um adulto!;Missao 06 - Rua segura: etapa 2, quando erra
m06_pnp.mp3;O que pode?;Missao 06 - Rua segura: pode ou nao pode
m06_pnp_explica.mp3;A faixa é o caminho seguro. A bola a gente pede ajuda para pegar.;Missao 06 - Rua segura: explicacao do pode ou nao pode
m06_reforco.mp3;Vermelho espera, verde caminha!;Missao 06 - Rua segura: frase de reforco
m07_intro.mp3;Começou a aula, {nome}! Vamos ver como se faz?;Missao 07 - Ouvir a professora: abertura
m07_mostrar.mp3;Sentar, ouvir, levantar a mão para falar e fazer a atividade.;Missao 07 - Ouvir a professora: o personagem mostra
m07_e1.mp3;Toque na ordem: sentar, ouvir, levantar a mão e fazer a atividade.;Missao 07 - Ouvir a professora: etapa 1 (sequencia_ordenada)
m07_erro1.mp3;Esse é o próximo? Olhe mais uma vez!;Missao 07 - Ouvir a professora: etapa 1, quando erra
m07_e2.mp3;Você tem uma dúvida. Como pergunta?;Missao 07 - Ouvir a professora: etapa 2 (escolher_entre_opcoes)
m07_erro2.mp3;Gritando ninguém escuta. Levante a mao!;Missao 07 - Ouvir a professora: etapa 2, quando erra
m07_pnp.mp3;O que pode?;Missao 07 - Ouvir a professora: pode ou nao pode
m07_pnp_explica.mp3;Com a mão levantada a professora vê você e todo mundo escuta.;Missao 07 - Ouvir a professora: explicacao do pode ou nao pode
m07_reforco.mp3;Quem escuta, aprende!;Missao 07 - Ouvir a professora: frase de reforco
m08_intro.mp3;Às vezes a gente precisa esperar, {nome}. E dá para esperar bem!;Missao 08 - Saber esperar: abertura
m08_mostrar.mp3;Enquanto espera, dá para respirar, cantar baixinho ou olhar em volta.;Missao 08 - Saber esperar: o personagem mostra
m08_e1.mp3;Toque nos três jeitos de esperar bem.;Missao 08 - Saber esperar: etapa 1 (tocar)
m08_e2.mp3;A fila está andando. Segure a ampulheta e espere a areia cair.;Missao 08 - Saber esperar: etapa 2 (segurar_com_timer)
m08_erro2.mp3;Ainda não acabou. Vamos esperar juntos!;Missao 08 - Saber esperar: etapa 2, quando erra
m08_pnp.mp3;O que pode?;Missao 08 - Saber esperar: pode ou nao pode
m08_pnp_explica.mp3;Esperar é difícil, mas passa. Quem espera bem chega na vez dele.;Missao 08 - Saber esperar: explicacao do pode ou nao pode
m08_reforco.mp3;Esperar também é ser forte!;Missao 08 - Saber esperar: frase de reforco
m09_intro.mp3;{nome}, tem palavras que fazem mágica de verdade. Quer ver?;Missao 09 - Palavras mágicas: abertura
m09_mostrar.mp3;Por favor, muito obrigado, com licença e desculpa. São as palavras mágicas!;Missao 09 - Palavras mágicas: o personagem mostra
m09_e1.mp3;Voce quer o brinquedo do colega. O que fala?;Missao 09 - Palavras mágicas: etapa 1 (escolher_entre_opcoes)
m09_erro1.mp3;Com por favor fica muito mais fácil!;Missao 09 - Palavras mágicas: etapa 1, quando erra
m09_e2.mp3;Ganhou um presente. O que fala?;Missao 09 - Palavras mágicas: etapa 2 (escolher_entre_opcoes)
m09_erro2.mp3;Quem agradece deixa o outro feliz!;Missao 09 - Palavras mágicas: etapa 2, quando erra
m09_pnp.mp3;O que pode?;Missao 09 - Palavras mágicas: pode ou nao pode
m09_pnp_explica.mp3;Com licença abre caminho sem machucar ninguém.;Missao 09 - Palavras mágicas: explicacao do pode ou nao pode
m09_reforco.mp3;Palavra mágica abre portas!;Missao 09 - Palavras mágicas: frase de reforco
m10_intro.mp3;{nome}, ser amigo é fazer o outro se sentir bem. Vamos treinar?;Missao 10 - Amigos e gentileza: abertura
m10_mostrar.mp3;Convidar quem está sozinho, dividir o brinquedo e ajudar quem caiu.;Missao 10 - Amigos e gentileza: o personagem mostra
m10_e1.mp3;Toque nas três gentilezas.;Missao 10 - Amigos e gentileza: etapa 1 (tocar)
m10_e2.mp3;Um colega está sozinho no banco. O que fazer?;Missao 10 - Amigos e gentileza: etapa 2 (escolher_entre_opcoes)
m10_erro2.mp3;Ninguém gosta de ficar sozinho. Chame para brincar!;Missao 10 - Amigos e gentileza: etapa 2, quando erra
m10_pnp.mp3;O que pode?;Missao 10 - Amigos e gentileza: pode ou nao pode
m10_pnp_explica.mp3;Bater machuca. Conversar resolve.;Missao 10 - Amigos e gentileza: explicacao do pode ou nao pode
m10_reforco.mp3;Amigo bom é amigo gentil!;Missao 10 - Amigos e gentileza: frase de reforco
m11_intro.mp3;Olha o monstrinho, {nome}! Ele sente tudo que a gente sente.;Missao 11 - Monstro dos sentimentos: abertura
m11_mostrar.mp3;Feliz, triste, bravo, com medo. Todo sentimento pode aparecer.;Missao 11 - Monstro dos sentimentos: o personagem mostra
m11_e1.mp3;Toque no monstrinho que está bravo.;Missao 11 - Monstro dos sentimentos: etapa 1 (tocar)
m11_erro1.mp3;Esse está com outro sentimento. Procure o bravo!;Missao 11 - Monstro dos sentimentos: etapa 1, quando erra
m11_e2.mp3;Quando a raiva vem, a gente respira. Sopre três vezes bem devagar.;Missao 11 - Monstro dos sentimentos: etapa 2 (respirar)
m11_e3.mp3;A raiva passou um pouco. E agora?;Missao 11 - Monstro dos sentimentos: etapa 3 (escolher_entre_opcoes)
m11_erro3.mp3;Bater não faz a raiva passar. Falar faz!;Missao 11 - Monstro dos sentimentos: etapa 3, quando erra
m11_pnp.mp3;O que pode?;Missao 11 - Monstro dos sentimentos: pode ou nao pode
m11_pnp_explica.mp3;Sentir raiva pode. Bater não pode. Respire e fale o que sentiu.;Missao 11 - Monstro dos sentimentos: explicacao do pode ou nao pode
m11_reforco.mp3;Todo sentimento é normal. Eu sei o que fazer com ele.;Missao 11 - Monstro dos sentimentos: frase de reforco
musica_timer.mp3;(musica instrumental de 30 s em loop);Timer da escovacao e da lavagem das maos
